Name,Discipline,NOC,Event,Country,Venue,Team_ID
belgium, 3x3 Basketball ,Belgium,Men,Other,Saitama Super Arena,TEAM1000
china,3x3 Basketball,People's Republic of China,Men,Other,Tokyo Stadium,TEAM1001
china,3x3 Basketball,People's Republic of China,Women,Other,Tokyo Stadium,TEAM1002
france, 3x3 Basketball ,France,Women,Other,Ariake Arena,TEAM1003
italy,3x3 Basketball,Italy,Women,Other,Saitama Super Arena,TEAM1004
japan,3x3 Basketball,Japan,Men,Other,Ariake Arena,TEAM1005
japan, 3x3 Basketball ,Japan,Women,Other,Tokyo Stadium,TEAM1006
latvia, 3x3 Basketball ,Latvia,Men,Other,Tokyo Stadium,TEAM1007
mongolia, 3x3 Basketball ,Mongolia,Women,Other,Tokyo Stadium,TEAM1008
netherlands,3x3 Basketball,Netherlands,Men,Other,Ariake Arena,TEAM1009
poland,3x3 Basketball,Poland,Men,Other,Ariake Arena,TEAM1010
roc,3x3 Basketball,ROC,Men,Other,Saitama Super Arena,TEAM1011
roc,3x3 Basketball,ROC,Women,Other,Saitama Super Arena,TEAM1012
romania,3x3 Basketball,Romania,Women,Other,Ariake Arena,TEAM1013
serbia, 3x3 Basketball ,Serbia,Men,Other,Saitama Super Arena,TEAM1014
united states, 3x3 Basketball ,United States of America,Women,Other,Saitama Super Arena,TEAM1015
australia,Archery,Australia,Men's Team,Other,Tokyo Stadium,TEAM1016
australia, Archery ,Australia,Mixed Team,Other,Tokyo Stadium,TEAM1017
bangladesh,Archery,Bangladesh,Mixed Team,Other,Saitama Super Arena,TEAM1018
belarus,Archery,Belarus,Women's Team,Other,Ariake Arena,TEAM1019
brazil, Archery ,Brazil,Mixed Team,Other,Ariake Arena,TEAM1020
canada, Archery ,Canada,Mixed Team,Other,Tokyo Stadium,TEAM1021
china, Archery ,People's Republic of China,Men's Team,Other,Ariake Arena,TEAM1022
china, Archery ,People's Republic of China,Mixed Team,Other,Saitama Super Arena,TEAM1023
china, Archery ,People's Republic of China,Women's Team,Other,Tokyo Stadium,TEAM1024
chinese taipei, Archery ,Chinese Taipei,Men's Team,Other,Ariake Arena,TEAM1025
chinese taipei,Archery,Chinese Taipei,Mixed Team,Other,Tokyo Stadium,TEAM1026
chinese taipei,Archery,Chinese Taipei,Women's Team,Other,Tokyo Stadium,TEAM1027
colombia, Archery ,Colombia,Mixed Team,Other,Ariake Arena,TEAM1028
egypt, Archery ,Egypt,Mixed Team,Other,Ariake Arena,TEAM1029
france,Archery,France,Men's Team,Other,Ariake Arena,TEAM1030
france,Archery,France,Mixed Team,Other,Ariake Arena,TEAM1031
germany,Archery,Germany,Mixed Team,Other,Tokyo Stadium,TEAM1032
germany,Archery,Germany,Women's Team,Other,Saitama Super Arena,TEAM1033
great britain, Archery ,Great Britain,Men's Team,Other,Saitama Super Arena,TEAM1034
great britain, Archery ,Great Britain,Mixed Team,Other,Saitama Super Arena,TEAM1035
great britain, Archery ,Great Britain,Women's Team,Other,Ariake Arena,TEAM1036
india,Archery,India,Men's Team,Other,Tokyo Stadium,TEAM1037
india, Archery ,India,Mixed Team,Other,Ariake Arena,TEAM1038
indonesia, Archery ,Indonesia,Men's Team,Other,Saitama Super Arena,TEAM1039
indonesia,Archery,Indonesia,Mixed Team,Other,Tokyo Stadium,TEAM1040
italy,Archery,Italy,Mixed Team,Other,Ariake Arena,TEAM1041
italy, Archery ,Italy,Women's Team,Other,Tokyo Stadium,TEAM1042
japan,Archery,Japan,Men's Team,Other,Tokyo Stadium,TEAM1043
japan,Archery,Japan,Mixed Team,Other,Ariake Arena,TEAM1044
japan,Archery,Japan,Women's Team,Other,Saitama Super Arena,TEAM1045
kazakhstan, Archery ,Kazakhstan,Men's Team,Other,Tokyo Stadium,TEAM1046
malaysia,Archery,Malaysia,Mixed Team,Other,Ariake Arena,TEAM1047
mexico, Archery ,Mexico,Mixed Team,Other,Tokyo Stadium,TEAM1048
mexico, Archery ,Mexico,Women's Team,Other,Ariake Arena,TEAM1049
mongolia,Archery,Mongolia,Mixed Team,Other,Saitama Super Arena,TEAM1050
netherlands, Archery ,Netherlands,Men's Team,Other,Saitama Super Arena,TEAM1051
netherlands, Archery ,Netherlands,Mixed Team,Other,Ariake Arena,TEAM1052
poland,Archery,Poland,Mixed Team,Other,Saitama Super Arena,TEAM1053
rep. of moldova, Archery ,Republic of Moldova,Mixed Team,Other,Ariake Arena,TEAM1054
republic of korea, Archery ,Republic of Korea,Men's Team,Other,Tokyo Stadium,TEAM1055
republic of korea,Archery,Republic of Korea,Mixed Team,Other,Saitama Super Arena,TEAM1056
republic of korea, Archery ,Republic of Korea,Women's Team,Other,Saitama Super Arena,TEAM1057
roc,Archery,ROC,Mixed Team,Other,Tokyo Stadium,TEAM1058
roc, Archery ,ROC,Women's Team,Other,Saitama Super Arena,TEAM1059
spain,Archery,Spain,Mixed Team,Other,Saitama Super Arena,TEAM1060
tunisia,Archery,Tunisia,Mixed Team,Other,Ariake Arena,TEAM1061
turkey, Archery ,Turkey,Mixed Team,Other,Tokyo Stadium,TEAM1062
ukraine,Archery,Ukraine,Mixed Team,Other,Tokyo Stadium,TEAM1063
ukraine, Archery ,Ukraine,Women's Team,Other,Tokyo Stadium,TEAM1064
united states, Archery ,United States of America,Men's Team,Other,Ariake Arena,TEAM1065
united states,Archery,United States of America,Mixed Team,Other,Tokyo Stadium,TEAM1066
united states, Archery ,United States of America,Women's Team,Other,Tokyo Stadium,TEAM1067
vietnam,Archery,Vietnam,Mixed Team,Other,Saitama Super Arena,TEAM1068
belgium, Artistic Gymnastics ,Belgium,Women's Team,Other,Ariake Arena,TEAM1069
brazil,Artistic Gymnastics,Brazil,Men's Team,Other,Ariake Arena,TEAM1070
canada, Artistic Gymnastics ,Canada,Women's Team,Other,Saitama Super Arena,TEAM1071
china, Artistic Gymnastics ,People's Republic of China,Men's Team,Other,Ariake Arena,TEAM1072
china, Artistic Gymnastics ,People's Republic of China,Women's Team,Other,Tokyo Stadium,TEAM1073
chinese taipei,Artistic Gymnastics,Chinese Taipei,Men's Team,Other,Saitama Super Arena,TEAM1074
france,Artistic Gymnastics,France,Women's Team,Other,Tokyo Stadium,TEAM1075
germany,Artistic Gymnastics,Germany,Men's Team,Other,Saitama Super Arena,TEAM1076
germany, Artistic Gymnastics ,Germany,Women's Team,Other,Tokyo Stadium,TEAM1077
great britain, Artistic Gymnastics ,Great Britain,Men's Team,Other,Tokyo Stadium,TEAM1078
great britain, Artistic Gymnastics ,Great Britain,Women's Team,Other,Ariake Arena,TEAM1079
italy, Artistic Gymnastics ,Italy,Women's Team,Other,Tokyo Stadium,TEAM1080
japan,Artistic Gymnastics,Japan,Men's Team,Other,Tokyo Stadium,TEAM1081
japan,Artistic Gymnastics,Japan,Women's Team,Other,Tokyo Stadium,TEAM1082
netherlands,Artistic Gymnastics,Netherlands,Women's Team,Other,Saitama Super Arena,TEAM1083
korea, Artistic Gymnastics ,Republic of Korea,Men's Team,Other,Tokyo Stadium,TEAM1084
roc, Artistic Gymnastics ,ROC,Men's Team,Other,Ariake Arena,TEAM1085
roc,Artistic Gymnastics,ROC,Women's Team,Other,Ariake Arena,TEAM1086
spain,Artistic Gymnastics,Spain,Men's Team,Other,Saitama Super Arena,TEAM1087
spain, Artistic Gymnastics ,Spain,Women's Team,Other,Ariake Arena,TEAM1088
switzerland, Artistic Gymnastics ,Switzerland,Men's Team,Other,Saitama Super Arena,TEAM1089
ukraine, Artistic Gymnastics ,Ukraine,Men's Team,Other,Saitama Super Arena,TEAM1090
united states,Artistic Gymnastics,United States of America,Men's Team,Other,Ariake Arena,TEAM1091
united states,Artistic Gymnastics,United States of America,Women's Team,Other,Saitama Super Arena,TEAM1092
australia,Artistic Swimming,Australia,Duet,Other,Tokyo Stadium,TEAM1093
australia, Artistic Swimming ,Australia,Team,Other,Saitama Super Arena,TEAM1094
austria, Artistic Swimming ,Austria,Duet,Other,Tokyo Stadium,TEAM1095
belarus,Artistic Swimming,Belarus,Duet,Other,Saitama Super Arena,TEAM1096
canada,Artistic Swimming,Canada,Duet,Other,Ariake Arena,TEAM1097
canada,Artistic Swimming,Canada,Team,Other,Tokyo Stadium,TEAM1098
china, Artistic Swimming ,People's Republic of China,Duet,Other,Ariake Arena,TEAM1099
china,Artistic Swimming,People's Republic of China,Team,Other,Saitama Super Arena,TEAM1100
colombia,Artistic Swimming,Colombia,Duet,Other,Ariake Arena,TEAM1101
egypt, Artistic Swimming ,Egypt,Duet,Other,Tokyo Stadium,TEAM1102
egypt,Artistic Swimming,Egypt,Team,Other,Tokyo Stadium,TEAM1103
france, Artistic Swimming ,France,Duet,Other,Saitama Super Arena,TEAM1104
great britain,Artistic Swimming,Great Britain,Duet,Other,Tokyo Stadium,TEAM1105
greece, Artistic Swimming ,Greece,Duet,Other,Saitama Super Arena,TEAM1106
greece, Artistic Swimming ,Greece,Team,Other,Ariake Arena,TEAM1107
israel, Artistic Swimming ,Israel,Duet,Other,Saitama Super Arena,TEAM1108
italy, Artistic Swimming ,Italy,Duet,Other,Tokyo Stadium,TEAM1109
italy,Artistic Swimming,Italy,Team,Other,Ariake Arena,TEAM1110
japan, Artistic Swimming ,Japan,Duet,Other,Saitama Super Arena,TEAM1111
japan,Artistic Swimming,Japan,Team,Other,Tokyo Stadium,TEAM1112
kazakhstan, Artistic Swimming ,Kazakhstan,Duet,Other,Saitama Super Arena,TEAM1113
liechtenstein,Artistic Swimming,Liechtenstein,Duet,Other,Saitama Super Arena,TEAM1114
mexico,Artistic Swimming,Mexico,Duet,Other,Saitama Super Arena,TEAM1115
netherlands,Artistic Swimming,Netherlands,Duet,Other,Ariake Arena,TEAM1116
roc, Artistic Swimming ,ROC,Duet,Other,Tokyo Stadium,TEAM1117
roc, Artistic Swimming ,ROC,Team,Other,Ariake Arena,TEAM1118
south africa,Artistic Swimming,South Africa,Duet,Other,Tokyo Stadium,TEAM1119
spain,Artistic Swimming,Spain,Duet,Other,Saitama Super Arena,TEAM1120
spain, Artistic Swimming ,Spain,Team,Other,Tokyo Stadium,TEAM1121
ukraine,Artistic Swimming,Ukraine,Duet,Other,Saitama Super Arena,TEAM1122
ukraine,Artistic Swimming,Ukraine,Team,Other,Tokyo Stadium,TEAM1123
united states,Artistic Swimming,United States of America,Duet,Other,Tokyo Stadium,TEAM1124
australia,Athletics,Australia,Women's 4 x 400m Relay,Other,Ariake Arena,TEAM1125
bahamas,Athletics,Bahamas,Women's 4 x 400m Relay,Other,Tokyo Stadium,TEAM1126
belarus,Athletics,Belarus,Women's 4 x 400m Relay,Other,Tokyo Stadium,TEAM1127
belgium,Athletics,Belgium,4 x 400m Relay Mixed,Other,Saitama Super Arena,TEAM1128
belgium, Athletics ,Belgium,Men's 4 x 400m Relay,Other,Tokyo Stadium,TEAM1129
belgium, Athletics ,Belgium,Women's 4 x 400m Relay,Other,Ariake Arena,TEAM1130
botswana, Athletics ,Botswana,Men's 4 x 400m Relay,Other,Ariake Arena,TEAM1131
brazil,Athletics,Brazil,4 x 400m Relay Mixed,Other,Tokyo Stadium,TEAM1132
brazil,Athletics,Brazil,Men's 4 x 100m Relay,Other,Ariake Arena,TEAM1133
brazil, Athletics ,Brazil,Women's 4 x 100m Relay,Other,Ariake Arena,TEAM1134
canada, Athletics ,Canada,Men's 4 x 100m Relay,Other,Saitama Super Arena,TEAM1135
canada,Athletics,Canada,Women's 4 x 400m Relay,Other,Ariake Arena,TEAM1136
china, Athletics ,People's Republic of China,Men's 4 x 100m Relay,Other,Tokyo Stadium,TEAM1137
china, Athletics ,People's Republic of China,Women's 4 x 100m Relay,Other,Saitama Super Arena,TEAM1138
colombia,Athletics,Colombia,Men's 4 x 400m Relay,Other,Saitama Super Arena,TEAM1139
cuba,Athletics,Cuba,Women's 4 x 400m Relay,Other,Ariake Arena,TEAM1140
czech republic,Athletics,Czech Republic,Men's 4 x 400m Relay,Other,Ariake Arena,TEAM1141
denmark,Athletics,Denmark,Men's 4 x 100m Relay,Other,Tokyo Stadium,TEAM1142
denmark, Athletics ,Denmark,Women's 4 x 100m Relay,Other,Tokyo Stadium,TEAM1143
dominican rep., Athletics ,Dominican Republic,4 x 400m Relay Mixed,Other,Tokyo Stadium,TEAM1144
ecuador, Athletics ,Ecuador,Women's 4 x 100m Relay,Other,Ariake Arena,TEAM1145
france, Athletics ,France,Men's 4 x 100m Relay,Other,Tokyo Stadium,TEAM1146
france,Athletics,France,Men's 4 x 400m Relay,Other,Saitama Super Arena,TEAM1147
france, Athletics ,France,Women's 4 x 100m Relay,Other,Ariake Arena,TEAM1148
france,Athletics,France,Women's 4 x 400m Relay,Other,Saitama Super Arena,TEAM1149
germany, Athletics ,Germany,4 x 400m Relay Mixed,Other,Tokyo Stadium,TEAM1150
germany, Athletics ,Germany,Men's 4 x 100m Relay,Other,Saitama Super Arena,TEAM1151
germany, Athletics ,Germany,Men's 4 x 400m Relay,Other,Saitama Super Arena,TEAM1152
germany, Athletics ,Germany,Women's 4 x 100m Relay,Other,Saitama Super Arena,TEAM1153
germany, Athletics ,Germany,Women's 4 x 400m Relay,Other,Tokyo Stadium,TEAM1154
ghana, Athletics ,Ghana,Men's 4 x 100m Relay,Other,Ariake Arena,TEAM1155
great britain, Athletics ,Great Britain,4 x 400m Relay Mixed,Other,Saitama Super Arena,TEAM1156
great britain, Athletics ,Great Britain,Men's 4 x 100m Relay,Other,Saitama Super Arena,TEAM1157
great britain,Athletics,Great Britain,Men's 4 x 400m Relay,Other,Saitama Super Arena,TEAM1158
great britain, Athletics ,Great Britain,Women's 4 x 100m Relay,Other,Saitama Super Arena,TEAM1159
great britain,Athletics,Great Britain,Women's 4 x 400m Relay,Other,Tokyo Stadium,TEAM1160
india, Athletics ,India,4 x 400m Relay Mixed,Other,Ariake Arena,TEAM1161
india,Athletics,India,Men's 4 x 400m Relay,Other,Ariake Arena,TEAM1162
ireland, Athletics ,Ireland,4 x 400m Relay Mixed,Other,Ariake Arena,TEAM1163
italy,Athletics,Italy,4 x 400m Relay Mixed,Other,Tokyo Stadium,TEAM1164
italy,Athletics,Italy,Men's 4 x 100m Relay,Other,Saitama Super Arena,TEAM1165
italy,Athletics,Italy,Men's 4 x 400m Relay,Other,Tokyo Stadium,TEAM1166
italy, Athletics ,Italy,Women's 4 x 100m Relay,Other,Ariake Arena,TEAM1167
italy, Athletics ,Italy,Women's 4 x 400m Relay,Other,Ariake Arena,TEAM1168
jamaica,Athletics,Jamaica,4 x 400m Relay Mixed,Other,Ariake Arena,TEAM1169
jamaica, Athletics ,Jamaica,Men's 4 x 100m Relay,Other,Saitama Super Arena,TEAM1170
jamaica, Athletics ,Jamaica,Men's 4 x 400m Relay,Other,Ariake Arena,TEAM1171
jamaica, Athletics ,Jamaica,Women's 4 x 100m Relay,Other,Tokyo Stadium,TEAM1172
jamaica, Athletics ,Jamaica,Women's 4 x 400m Relay,Other,Ariake Arena,TEAM1173
japan,Athletics,Japan,Men's 4 x 100m Relay,Other,Tokyo Stadium,TEAM1174
japan, Athletics ,Japan,Men's 4 x 400m Relay,Other,Saitama Super Arena,TEAM1175
japan,Athletics,Japan,Women's 4 x 100m Relay,Other,Ariake Arena,TEAM1176
netherlands,Athletics,Netherlands,4 x 400m Relay Mixed,Other,Tokyo Stadium,TEAM1177
netherlands,Athletics,Netherlands,Men's 4 x 100m Relay,Other,Tokyo Stadium,TEAM1178
netherlands, Athletics ,Netherlands,Men's 4 x 400m Relay,Other,Ariake Arena,TEAM1179
netherlands,Athletics,Netherlands,Women's 4 x 100m Relay,Other,Tokyo Stadium,TEAM1180
netherlands, Athletics ,Netherlands,Women's 4 x 400m Relay,Other,Ariake Arena,TEAM1181
nigeria, Athletics ,Nigeria,4 x 400m Relay Mixed,Other,Saitama Super Arena,TEAM1182
nigeria,Athletics,Nigeria,Women's 4 x 100m Relay,Other,Tokyo Stadium,TEAM1183
poland, Athletics ,Poland,4 x 400m Relay Mixed,Other,Ariake Arena,TEAM1184
poland,Athletics,Poland,Men's 4 x 400m Relay,Other,Tokyo Stadium,TEAM1185
poland, Athletics ,Poland,Women's 4 x 100m Relay,Other,Saitama Super Arena,TEAM1186
poland, Athletics ,Poland,Women's 4 x 400m Relay,Other,Tokyo Stadium,TEAM1187
south africa, Athletics ,South Africa,Men's 4 x 100m Relay,Other,Tokyo Stadium,TEAM1188
south africa, Athletics ,South Africa,Men's 4 x 400m Relay,Other,Saitama Super Arena,TEAM1189
spain,Athletics,Spain,4 x 400m Relay Mixed,Other,Tokyo Stadium,TEAM1190
switzerland, Athletics ,Switzerland,Women's 4 x 100m Relay,Other,Ariake Arena,TEAM1191
switzerland,Athletics,Switzerland,Women's 4 x 400m Relay,Other,Tokyo Stadium,TEAM1192
trinidad & tobago, Athletics ,Trinidad and Tobago,Men's 4 x 100m Relay,Other,Ariake Arena,TEAM1193
trinidad & tobago, Athletics ,Trinidad and Tobago,Men's 4 x 400m Relay,Other,Ariake Arena,TEAM1194
trinidad & tobago, Athletics ,Trinidad and Tobago,Women's 4 x 100m Relay,Other,Saitama Super Arena,TEAM1195
turkey,Athletics,Turkey,Men's 4 x 100m Relay,Other,Ariake Arena,TEAM1196
ukraine, Athletics ,Ukraine,4 x 400m Relay Mixed,Other,Ariake Arena,TEAM1197
ukraine, Athletics ,Ukraine,Women's 4 x 400m Relay,Other,Saitama Super Arena,TEAM1198
united states,Athletics,United States of America,4 x 400m Relay Mixed,Other,Saitama Super Arena,TEAM1199
united states, Athletics ,United States of America,Men's 4 x 100m Relay,Other,Ariake Arena,TEAM1200
united states, Athletics ,United States of America,Men's 4 x 400m Relay,Other,Saitama Super Arena,TEAM1201
united states,Athletics,United States of America,Women's 4 x 100m Relay,Other,Ariake Arena,TEAM1202
united states, Athletics ,United States of America,Women's 4 x 400m Relay,Other,Saitama Super Arena,TEAM1203
australia,Baseball/Softball,Australia,Softball,Other,Ariake Arena,TEAM1204
canada,Baseball/Softball,Canada,Softball,Other,Ariake Arena,TEAM1205
dominican rep.,Baseball/Softball,Dominican Republic,Baseball,Other,Saitama Super Arena,TEAM1206
israel,Baseball/Softball,Israel,Baseball,Other,Tokyo Stadium,TEAM1207
italy,Baseball/Softball,Italy,Softball,Other,Ariake Arena,TEAM1208
japan,Baseball/Softball,Japan,Baseball,Other,Ariake Arena,TEAM1209
japan,Baseball/Softball,Japan,Softball,Other,Saitama Super Arena,TEAM1210
mexico,Baseball/Softball,Mexico,Baseball,Other,Tokyo Stadium,TEAM1211
mexico, Baseball/Softball ,Mexico,Softball,Other,Ariake Arena,TEAM1212
republic of korea,Baseball/Softball,Republic of Korea,Baseball,Other,Saitama Super Arena,TEAM1213
united states,Baseball/Softball,United States of America,Baseball,Other,Saitama Super Arena,TEAM1214
united states,Baseball/Softball,United States of America,Softball,Other,Tokyo Stadium,TEAM1215
argentina,Basketball,Argentina,Men,Other,Ariake Arena,TEAM1216
australia, Basketball ,Australia,Men,Other,Ariake Arena,TEAM1217
australia, Basketball ,Australia,Women,Other,Saitama Super Arena,TEAM1218
belgium, Basketball ,Belgium,Women,Other,Tokyo Stadium,TEAM1219
canada,Basketball,Canada,Women,Other,Saitama Super Arena,TEAM1220
china, Basketball ,People's Republic of China,Women,Other,Tokyo Stadium,TEAM1221
czech republic, Basketball ,Czech Republic,Men,Other,Saitama Super Arena,TEAM1222
france, Basketball ,France,Men,Other,Ariake Arena,TEAM1223
france,Basketball,France,Women,Other,Saitama Super Arena,TEAM1224
germany, Basketball ,Germany,Men,Other,Ariake Arena,TEAM1225
islamic rep. of iran, Basketball ,Islamic Republic of Iran,Men,Other,Ariake Arena,TEAM1226
italy,Basketball,Italy,Men,Other,Tokyo Stadium,TEAM1227
japan, Basketball ,Japan,Men,Other,Tokyo Stadium,TEAM1228
japan,Basketball,Japan,Women,Other,Tokyo Stadium,TEAM1229
nigeria,Basketball,Nigeria,Men,Other,Saitama Super Arena,TEAM1230
nigeria, Basketball ,Nigeria,Women,Other,Tokyo Stadium,TEAM1231
puerto rico,Basketball,Puerto Rico,Women,Other,Tokyo Stadium,TEAM1232
republic of korea,Basketball,Republic of Korea,Women,Other,Saitama Super Arena,TEAM1233
serbia, Basketball ,Serbia,Women,Other,Tokyo Stadium,TEAM1234
slovenia, Basketball ,Slovenia,Men,Other,Ariake Arena,TEAM1235
spain,Basketball,Spain,Men,Other,Ariake Arena,TEAM1236
spain,Basketball,Spain,Women,Other,Saitama Super Arena,TEAM1237
united states, Basketball ,United States of America,Men,Other,Saitama Super Arena,TEAM1238
united states, Basketball ,United States of America,Women,Other,Saitama Super Arena,TEAM1239
azaad/capogrosso,Beach Volleyball,Argentina,Men,Other,Saitama Super Arena,TEAM1240
gallay/pereyra,Beach Volleyball,Argentina,Women,Other,Ariake Arena,TEAM1241
mchugh/schumann,Beach Volleyball,Australia,Men,Other,Ariake Arena,TEAM1242
artacho del solar/clancy, Beach Volleyball ,Australia,Women,Other,Ariake Arena,TEAM1243
alison/alvaro filho, Beach Volleyball ,Brazil,Men,Other,Tokyo Stadium,TEAM1244
evandro/bruno schmidt,Beach Volleyball,Brazil,Men,Other,Ariake Arena,TEAM1245
ana patricia/rebecca,Beach Volleyball,Brazil,Women,Other,Ariake Arena,TEAM1246
agatha/duda, Beach Volleyball ,Brazil,Women,Other,Saitama Super Arena,TEAM1247
bansley/brandie,Beach Volleyball,Canada,Women,Other,Saitama Super Arena,TEAM1248
pavan/melissa, Beach Volleyball ,Canada,Women,Other,Ariake Arena,TEAM1249
grimalt m./grimalt e., Beach Volleyball ,Chile,Men,Other,Ariake Arena,TEAM1250
wang/x.y.xia,Beach Volleyball,People's Republic of China,Women,Other,Ariake Arena,TEAM1251
xue/wang x.x.,Beach Volleyball,People's Republic of China,Women,Other,Saitama Super Arena,TEAM1252
lidy/leila, Beach Volleyball ,Cuba,Women,Other,Saitama Super Arena,TEAM1253
perusic/schweiner, Beach Volleyball ,Czech Republic,Men,Other,Saitama Super Arena,TEAM1254
hermannova/slukova,Beach Volleyball,Czech Republic,Women,Other,Tokyo Stadium,TEAM1255
thole j./wickler, Beach Volleyball ,Germany,Men,Other,Saitama Super Arena,TEAM1256
ludwig/kozuch,Beach Volleyball,Germany,Women,Other,Ariake Arena,TEAM1257
sude/borger,Beach Volleyball,Germany,Women,Other,Saitama Super Arena,TEAM1258
nicolai/lupo,Beach Volleyball,Italy,Men,Other,Ariake Arena,TEAM1259
carambula/rossi,Beach Volleyball,Italy,Men,Other,Tokyo Stadium,TEAM1260
menegatti/orsi toth, Beach Volleyball ,Italy,Women,Other,Ariake Arena,TEAM1261
gottsu/shiratori,Beach Volleyball,Japan,Men,Other,Saitama Super Arena,TEAM1262
ishii/murakami, Beach Volleyball ,Japan,Women,Other,Ariake Arena,TEAM1263
makokha/khadambi, Beach Volleyball ,Kenya,Women,Other,Ariake Arena,TEAM1264
plavins/tocs,Beach Volleyball,Latvia,Men,Other,Saitama Super Arena,TEAM1265
graudina/kravcenoka, Beach Volleyball ,Latvia,Women,Other,Saitama Super Arena,TEAM1266
gaxiola/rubio, Beach Volleyball ,Mexico,Men,Other,Tokyo Stadium,TEAM1267
abicha/elgraoui,Beach Volleyball,Morocco,Men,Other,Tokyo Stadium,TEAM1268
brouwer/meeuwsen,Beach Volleyball,Netherlands,Men,Other,Ariake Arena,TEAM1269
keizer/meppelink,Beach Volleyball,Netherlands,Women,Other,Ariake Arena,TEAM1270
stam/schoon,Beach Volleyball,Netherlands,Women,Other,Ariake Arena,TEAM1271
mol a./sorum c.,Beach Volleyball,Norway,Men,Other,Tokyo Stadium,TEAM1272
bryl/fijalek, Beach Volleyball ,Poland,Men,Other,Ariake Arena,TEAM1273
kantor/losiak, Beach Volleyball ,Poland,Men,Other,Saitama Super Arena,TEAM1274
cherif/ahmed,Beach Volleyball,Qatar,Men,Other,Ariake Arena,TEAM1275
krasilnikov/stoyanovskiy,Beach Volleyball,ROC,Men,Other,Tokyo Stadium,TEAM1276
leshukov/semenov,Beach Volleyball,ROC,Men,Other,Saitama Super Arena,TEAM1277
makroguzova/kholomina,Beach Volleyball,ROC,Women,Other,Saitama Super Arena,TEAM1278
herrera/gavira,Beach Volleyball,Spain,Men,Other,Ariake Arena,TEAM1279
liliana/elsa, Beach Volleyball ,Spain,Women,Other,Saitama Super Arena,TEAM1280
heidrich/gerson, Beach Volleyball ,Switzerland,Men,Other,Tokyo Stadium,TEAM1281
huberli/betschart, Beach Volleyball ,Switzerland,Women,Other,Tokyo Stadium,TEAM1282
"verge-depre, a./heidrich",Beach Volleyball,Switzerland,Women,Other,Ariake Arena,TEAM1283
gibb/bourne,Beach Volleyball,United States of America,Men,Other,Saitama Super Arena,TEAM1284
lucena/dalhausser, Beach Volleyball ,United States of America,Men,Other,Saitama Super Arena,TEAM1285
april/alix,Beach Volleyball,United States of America,Women,Other,Tokyo Stadium,TEAM1286
claes/sponcil, Beach Volleyball ,United States of America,Women,Other,Tokyo Stadium,TEAM1287
australia,Cycling Track,Australia,Men's Madison,Other,Saitama Super Arena,TEAM1288
australia,Cycling Track,Australia,Men's Team Pursuit,Other,Ariake Arena,TEAM1289
australia, Cycling Track ,Australia,Men's Team Sprint,Other,Saitama Super Arena,TEAM1290
australia, Cycling Track ,Australia,Women's Madison,Other,Saitama Super Arena,TEAM1291
australia, Cycling Track ,Australia,Women's Team Pursuit,Other,Saitama Super Arena,TEAM1292
austria,Cycling Track,Austria,Men's Madison,Other,Ariake Arena,TEAM1293
belgium,Cycling Track,Belgium,Men's Madison,Other,Saitama Super Arena,TEAM1294
belgium,Cycling Track,Belgium,Women's Madison,Other,Tokyo Stadium,TEAM1295
canada, Cycling Track ,Canada,Men's Madison,Other,Tokyo Stadium,TEAM1296
canada,Cycling Track,Canada,Men's Team Pursuit,Other,Ariake Arena,TEAM1297
canada, Cycling Track ,Canada,Women's Madison,Other,Tokyo Stadium,TEAM1298
canada, Cycling Track ,Canada,Women's Team Pursuit,Other,Tokyo Stadium,TEAM1299
china,Cycling Track,People's Republic of China,Women's Team Sprint,Other,Ariake Arena,TEAM1300
denmark, Cycling Track ,Denmark,Men's Madison,Other,Tokyo Stadium,TEAM1301
denmark,Cycling Track,Denmark,Men's Team Pursuit,Other,Ariake Arena,TEAM1302
denmark,Cycling Track,Denmark,Women's Madison,Other,Ariake Arena,TEAM1303
france,Cycling Track,France,Men's Madison,Other,Tokyo Stadium,TEAM1304
france,Cycling Track,France,Men's Team Sprint,Other,Saitama Super Arena,TEAM1305
france, Cycling Track ,France,Women's Madison,Other,Tokyo Stadium,TEAM1306
france,Cycling Track,France,Women's Team Pursuit,Other,Ariake Arena,TEAM1307
germany, Cycling Track ,Germany,Men's Madison,Other,Tokyo Stadium,TEAM1308
germany,Cycling Track,Germany,Men's Team Pursuit,Other,Saitama Super Arena,TEAM1309
germany,Cycling Track,Germany,Men's Team Sprint,Other,Saitama Super Arena,TEAM1310
germany, Cycling Track ,Germany,Women's Madison,Other,Ariake Arena,TEAM1311
germany, Cycling Track ,Germany,Women's Team Pursuit,Other,Ariake Arena,TEAM1312
germany, Cycling Track ,Germany,Women's Team Sprint,Other,Ariake Arena,TEAM1313
great britain,Cycling Track,Great Britain,Men's Madison,Other,Saitama Super Arena,TEAM1314
great britain, Cycling Track ,Great Britain,Men's Team Pursuit,Other,Saitama Super Arena,TEAM1315
great britain, Cycling Track ,Great Britain,Men's Team Sprint,Other,Ariake Arena,TEAM1316
great britain, Cycling Track ,Great Britain,Women's Madison,Other,Ariake Arena,TEAM1317
great britain, Cycling Track ,Great Britain,Women's Team Pursuit,Other,Saitama Super Arena,TEAM1318
"hong kong, china", Cycling Track ,"Hong Kong, China",Women's Madison,Other,Ariake Arena,TEAM1319
ireland,Cycling Track,Ireland,Men's Madison,Other,Tokyo Stadium,TEAM1320
ireland,Cycling Track,Ireland,Women's Madison,Other,Saitama Super Arena,TEAM1321
italy, Cycling Track ,Italy,Men's Madison,Other,Saitama Super Arena,TEAM1322
italy, Cycling Track ,Italy,Men's Team Pursuit,Other,Saitama Super Arena,TEAM1323
italy, Cycling Track ,Italy,Women's Madison,Other,Ariake Arena,TEAM1324
italy,Cycling Track,Italy,Women's Team Pursuit,Other,Saitama Super Arena,TEAM1325
japan, Cycling Track ,Japan,Women's Madison,Other,Tokyo Stadium,TEAM1326
lithuania, Cycling Track ,Lithuania,Women's Team Sprint,Other,Ariake Arena,TEAM1327
mexico, Cycling Track ,Mexico,Women's Team Sprint,Other,Tokyo Stadium,TEAM1328
netherlands, Cycling Track ,Netherlands,Men's Madison,Other,Saitama Super Arena,TEAM1329
netherlands,Cycling Track,Netherlands,Men's Team Sprint,Other,Tokyo Stadium,TEAM1330
netherlands,Cycling Track,Netherlands,Women's Madison,Other,Ariake Arena,TEAM1331
netherlands, Cycling Track ,Netherlands,Women's Team Sprint,Other,Saitama Super Arena,TEAM1332
new zealand,Cycling Track,New Zealand,Men's Madison,Other,Tokyo Stadium,TEAM1333
new zealand, Cycling Track ,New Zealand,Men's Team Pursuit,Other,Ariake Arena,TEAM1334
new zealand,Cycling Track,New Zealand,Men's Team Sprint,Other,Ariake Arena,TEAM1335
new zealand, Cycling Track ,New Zealand,Women's Madison,Other,Saitama Super Arena,TEAM1336
new zealand, Cycling Track ,New Zealand,Women's Team Pursuit,Other,Ariake Arena,TEAM1337
poland, Cycling Track ,Poland,Men's Madison,Other,Tokyo Stadium,TEAM1338
poland,Cycling Track,Poland,Men's Team Sprint,Other,Ariake Arena,TEAM1339
poland,Cycling Track,Poland,Women's Madison,Other,Tokyo Stadium,TEAM1340
poland, Cycling Track ,Poland,Women's Team Sprint,Other,Ariake Arena,TEAM1341
roc, Cycling Track ,ROC,Men's Team Sprint,Other,Ariake Arena,TEAM1342
roc,Cycling Track,ROC,Women's Madison,Other,Saitama Super Arena,TEAM1343
roc,Cycling Track,ROC,Women's Team Sprint,Other,Saitama Super Arena,TEAM1344
spain, Cycling Track ,Spain,Men's Madison,Other,Ariake Arena,TEAM1345
switzerland,Cycling Track,Switzerland,Men's Madison,Other,Tokyo Stadium,TEAM1346
switzerland, Cycling Track ,Switzerland,Men's Team Pursuit,Other,Ariake Arena,TEAM1347
ukraine,Cycling Track,Ukraine,Women's Team Sprint,Other,Ariake Arena,TEAM1348
united states, Cycling Track ,United States of America,Men's Madison,Other,Tokyo Stadium,TEAM1349
united states, Cycling Track ,United States of America,Women's Madison,Other,Ariake Arena,TEAM1350
united states,Cycling Track,United States of America,Women's Team Pursuit,Other,Tokyo Stadium,TEAM1351
canada,Fencing,Canada,Men's Foil Team,Other,Saitama Super Arena,TEAM1352
canada, Fencing ,Canada,Women's Foil Team,Other,Ariake Arena,TEAM1353
china,Fencing,People's Republic of China,Men's Épée Team,Other,Saitama Super Arena,TEAM1354
china,Fencing,People's Republic of China,Women's Épée Team,Other,Ariake Arena,TEAM1355
china, Fencing ,People's Republic of China,Women's Sabre Team,Other,Saitama Super Arena,TEAM1356
egypt, Fencing ,Egypt,Men's Foil Team,Other,Ariake Arena,TEAM1357
egypt, Fencing ,Egypt,Men's Sabre Team,Other,Ariake Arena,TEAM1358
egypt, Fencing ,Egypt,Women's Foil Team,Other,Tokyo Stadium,TEAM1359
estonia,Fencing,Estonia,Women's Épée Team,Other,Saitama Super Arena,TEAM1360
france, Fencing ,France,Men's Épée Team,Other,Tokyo Stadium,TEAM1361
france,Fencing,France,Men's Foil Team,Other,Saitama Super Arena,TEAM1362
france,Fencing,France,Women's Foil Team,Other,Ariake Arena,TEAM1363
france, Fencing ,France,Women's Sabre Team,Other,Ariake Arena,TEAM1364
germany,Fencing,Germany,Men's Foil Team,Other,Saitama Super Arena,TEAM1365
germany, Fencing ,Germany,Men's Sabre Team,Other,Ariake Arena,TEAM1366
"hong kong, china",Fencing,"Hong Kong, China",Men's Foil Team,Other,Ariake Arena,TEAM1367
"hong kong, china",Fencing,"Hong Kong, China",Women's Épée Team,Other,Tokyo Stadium,TEAM1368
hungary,Fencing,Hungary,Men's Sabre Team,Other,Saitama Super Arena,TEAM1369
hungary, Fencing ,Hungary,Women's Foil Team,Other,Ariake Arena,TEAM1370
hungary,Fencing,Hungary,Women's Sabre Team,Other,Tokyo Stadium,TEAM1371
islamic rep. of iran, Fencing ,Islamic Republic of Iran,Men's Sabre Team,Other,Ariake Arena,TEAM1372
italy, Fencing ,Italy,Men's Épée Team,Other,Saitama Super Arena,TEAM1373
italy,Fencing,Italy,Men's Foil Team,Other,Tokyo Stadium,TEAM1374
italy, Fencing ,Italy,Men's Sabre Team,Other,Tokyo Stadium,TEAM1375
italy, Fencing ,Italy,Women's Épée Team,Other,Tokyo Stadium,TEAM1376
italy,Fencing,Italy,Women's Foil Team,Other,Saitama Super Arena,TEAM1377
italy,Fencing,Italy,Women's Sabre Team,Other,Saitama Super Arena,TEAM1378
japan,Fencing,Japan,Men's Épée Team,Other,Saitama Super Arena,TEAM1379
japan, Fencing ,Japan,Men's Foil Team,Other,Saitama Super Arena,TEAM1380
japan, Fencing ,Japan,Men's Sabre Team,Other,Tokyo Stadium,TEAM1381
japan,Fencing,Japan,Women's Foil Team,Other,Saitama Super Arena,TEAM1382
japan, Fencing ,Japan,Women's Sabre Team,Other,Tokyo Stadium,TEAM1383
poland, Fencing ,Poland,Women's Épée Team,Other,Tokyo Stadium,TEAM1384
republic of korea, Fencing ,Republic of Korea,Men's Épée Team,Other,Saitama Super Arena,TEAM1385
republic of korea, Fencing ,Republic of Korea,Men's Sabre Team,Other,Tokyo Stadium,TEAM1386
republic of korea, Fencing ,Republic of Korea,Women's Épée Team,Other,Saitama Super Arena,TEAM1387
republic of korea,Fencing,Republic of Korea,Women's Sabre Team,Other,Ariake Arena,TEAM1388
roc, Fencing ,ROC,Men's Épée Team,Other,Tokyo Stadium,TEAM1389
roc,Fencing,ROC,Men's Foil Team,Other,Saitama Super Arena,TEAM1390
roc,Fencing,ROC,Men's Sabre Team,Other,Ariake Arena,TEAM1391
roc, Fencing ,ROC,Women's Épée Team,Other,Ariake Arena,TEAM1392
roc, Fencing ,ROC,Women's Foil Team,Other,Tokyo Stadium,TEAM1393
roc,Fencing,ROC,Women's Sabre Team,Other,Tokyo Stadium,TEAM1394
switzerland, Fencing ,Switzerland,Men's Épée Team,Other,Tokyo Stadium,TEAM1395
tunisia,Fencing,Tunisia,Women's Sabre Team,Other,Ariake Arena,TEAM1396
ukraine,Fencing,Ukraine,Men's Épée Team,Other,Tokyo Stadium,TEAM1397
united states,Fencing,United States of America,Men's Épée Team,Other,Saitama Super Arena,TEAM1398
united states, Fencing ,United States of America,Men's Foil Team,Other,Saitama Super Arena,TEAM1399
united states, Fencing ,United States of America,Men's Sabre Team,Other,Ariake Arena,TEAM1400
united states,Fencing,United States of America,Women's Épée Team,Other,Tokyo Stadium,TEAM1401
united states,Fencing,United States of America,Women's Foil Team,Other,Saitama Super Arena,TEAM1402
united states,Fencing,United States of America,Women's Sabre Team,Other,Tokyo Stadium,TEAM1403
argentina, Football ,Argentina,Men,Other,Tokyo Stadium,TEAM1404
australia,Football,Australia,Men,Other,Saitama Super Arena,TEAM1405
australia, Football ,Australia,Women,Other,Ariake Arena,TEAM1406
brazil, Football ,Brazil,Men,Other,Tokyo Stadium,TEAM1407
brazil,Football,Brazil,Women,Other,Tokyo Stadium,TEAM1408
canada, Football ,Canada,Women,Other,Saitama Super Arena,TEAM1409
chile, Football ,Chile,Women,Other,Saitama Super Arena,TEAM1410
china, Football ,People's Republic of China,Women,Other,Ariake Arena,TEAM1411
côte d’ivoire,Football,Côte d'Ivoire,Men,Other,Tokyo Stadium,TEAM1412
egypt,Football,Egypt,Men,Other,Ariake Arena,TEAM1413
france,Football,France,Men,Other,Ariake Arena,TEAM1414
germany,Football,Germany,Men,Other,Saitama Super Arena,TEAM1415
great britain, Football ,Great Britain,Women,Other,Ariake Arena,TEAM1416
honduras,Football,Honduras,Men,Other,Saitama Super Arena,TEAM1417
japan, Football ,Japan,Men,Other,Tokyo Stadium,TEAM1418
japan,Football,Japan,Women,Other,Saitama Super Arena,TEAM1419
mexico,Football,Mexico,Men,Other,Tokyo Stadium,TEAM1420
netherlands, Football ,Netherlands,Women,Other,Ariake Arena,TEAM1421
new zealand,Football,New Zealand,Men,Other,Saitama Super Arena,TEAM1422
new zealand, Football ,New Zealand,Women,Other,Ariake Arena,TEAM1423
republic of korea, Football ,Republic of Korea,Men,Other,Ariake Arena,TEAM1424
romania,Football,Romania,Men,Other,Saitama Super Arena,TEAM1425
saudi arabia, Football ,Saudi Arabia,Men,Other,Tokyo Stadium,TEAM1426
south africa, Football ,South Africa,Men,Other,Tokyo Stadium,TEAM1427
spain, Football ,Spain,Men,Other,Tokyo Stadium,TEAM1428
sweden, Football ,Sweden,Women,Other,Saitama Super Arena,TEAM1429
united states,Football,United States of America,Women,Other,Tokyo Stadium,TEAM1430
zambia,Football,Zambia,Women,Other,Ariake Arena,TEAM1431
angola,Handball,Angola,Women,Other,Saitama Super Arena,TEAM1432
argentina, Handball ,Argentina,Men,Other,Saitama Super Arena,TEAM1433
bahrain, Handball ,Bahrain,Men,Other,Saitama Super Arena,TEAM1434
brazil, Handball ,Brazil,Men,Other,Tokyo Stadium,TEAM1435
brazil, Handball ,Brazil,Women,Other,Saitama Super Arena,TEAM1436
denmark, Handball ,Denmark,Men,Other,Ariake Arena,TEAM1437
egypt,Handball,Egypt,Men,Other,Tokyo Stadium,TEAM1438
france,Handball,France,Men,Other,Ariake Arena,TEAM1439
france, Handball ,France,Women,Other,Saitama Super Arena,TEAM1440
germany, Handball ,Germany,Men,Other,Tokyo Stadium,TEAM1441
hungary,Handball,Hungary,Women,Other,Ariake Arena,TEAM1442
japan, Handball ,Japan,Men,Other,Tokyo Stadium,TEAM1443
japan,Handball,Japan,Women,Other,Ariake Arena,TEAM1444
montenegro, Handball ,Montenegro,Women,Other,Ariake Arena,TEAM1445
netherlands,Handball,Netherlands,Women,Other,Ariake Arena,TEAM1446
norway, Handball ,Norway,Men,Other,Tokyo Stadium,TEAM1447
norway, Handball ,Norway,Women,Other,Saitama Super Arena,TEAM1448
portugal,Handball,Portugal,Men,Other,Tokyo Stadium,TEAM1449
republic of korea,Handball,Republic of Korea,Women,Other,Tokyo Stadium,TEAM1450
roc, Handball ,ROC,Women,Other,Ariake Arena,TEAM1451
spain,Handball,Spain,Men,Other,Ariake Arena,TEAM1452
spain, Handball ,Spain,Women,Other,Ariake Arena,TEAM1453
sweden, Handball ,Sweden,Men,Other,Ariake Arena,TEAM1454
sweden, Handball ,Sweden,Women,Other,Ariake Arena,TEAM1455
argentina, Hockey ,Argentina,Men,Other,Ariake Arena,TEAM1456
argentina, Hockey ,Argentina,Women,Other,Ariake Arena,TEAM1457
australia,Hockey,Australia,Men,Other,Saitama Super Arena,TEAM1458
australia,Hockey,Australia,Women,Other,Ariake Arena,TEAM1459
belgium,Hockey,Belgium,Men,Other,Tokyo Stadium,TEAM1460
canada,Hockey,Canada,Men,Other,Saitama Super Arena,TEAM1461
china, Hockey ,People's Republic of China,Women,Other,Ariake Arena,TEAM1462
germany,Hockey,Germany,Men,Other,Saitama Super Arena,TEAM1463
germany, Hockey ,Germany,Women,Other,Tokyo Stadium,TEAM1464
great britain,Hockey,Great Britain,Men,Other,Ariake Arena,TEAM1465
great britain,Hockey,Great Britain,Women,Other,Ariake Arena,TEAM1466
india,Hockey,India,Men,Other,Tokyo Stadium,TEAM1467
india,Hockey,India,Women,Other,Ariake Arena,TEAM1468
ireland,Hockey,Ireland,Women,Other,Saitama Super Arena,TEAM1469
japan, Hockey ,Japan,Men,Other,Saitama Super Arena,TEAM1470
japan, Hockey ,Japan,Women,Other,Tokyo Stadium,TEAM1471
netherlands, Hockey ,Netherlands,Men,Other,Tokyo Stadium,TEAM1472
netherlands,Hockey,Netherlands,Women,Other,Ariake Arena,TEAM1473
new zealand,Hockey,New Zealand,Men,Other,Saitama Super Arena,TEAM1474
new zealand,Hockey,New Zealand,Women,Other,Tokyo Stadium,TEAM1475
south africa,Hockey,South Africa,Men,Other,Tokyo Stadium,TEAM1476
south africa, Hockey ,South Africa,Women,Other,Saitama Super Arena,TEAM1477
spain,Hockey,Spain,Men,Other,Saitama Super Arena,TEAM1478
spain, Hockey ,Spain,Women,Other,Saitama Super Arena,TEAM1479
australia, Rhythmic Gymnastics ,Australia,Group All-Around,Other,Saitama Super Arena,TEAM1480
azerbaijan,Rhythmic Gymnastics,Azerbaijan,Group All-Around,Other,Tokyo Stadium,TEAM1481
belarus, Rhythmic Gymnastics ,Belarus,Group All-Around,Other,Ariake Arena,TEAM1482
brazil,Rhythmic Gymnastics,Brazil,Group All-Around,Other,Tokyo Stadium,TEAM1483
bulgaria,Rhythmic Gymnastics,Bulgaria,Group All-Around,Other,Ariake Arena,TEAM1484
china,Rhythmic Gymnastics,People's Republic of China,Group All-Around,Other,Ariake Arena,TEAM1485
egypt,Rhythmic Gymnastics,Egypt,Group All-Around,Other,Ariake Arena,TEAM1486
israel, Rhythmic Gymnastics ,Israel,Group All-Around,Other,Tokyo Stadium,TEAM1487
italy,Rhythmic Gymnastics,Italy,Group All-Around,Other,Ariake Arena,TEAM1488
japan, Rhythmic Gymnastics ,Japan,Group All-Around,Other,Saitama Super Arena,TEAM1489
roc, Rhythmic Gymnastics ,ROC,Group All-Around,Other,Saitama Super Arena,TEAM1490
ukraine,Rhythmic Gymnastics,Ukraine,Group All-Around,Other,Tokyo Stadium,TEAM1491
united states,Rhythmic Gymnastics,United States of America,Group All-Around,Other,Ariake Arena,TEAM1492
uzbekistan, Rhythmic Gymnastics ,Uzbekistan,Group All-Around,Other,Saitama Super Arena,TEAM1493
argentina,Rugby Sevens,Argentina,Men,Other,Ariake Arena,TEAM1494
australia, Rugby Sevens ,Australia,Men,Other,Tokyo Stadium,TEAM1495
australia,Rugby Sevens,Australia,Women,Other,Ariake Arena,TEAM1496
brazil,Rugby Sevens,Brazil,Women,Other,Ariake Arena,TEAM1497
canada,Rugby Sevens,Canada,Men,Other,Saitama Super Arena,TEAM1498
canada, Rugby Sevens ,Canada,Women,Other,Saitama Super Arena,TEAM1499
china, Rugby Sevens ,People's Republic of China,Women,Other,Saitama Super Arena,TEAM1500
fiji, Rugby Sevens ,Fiji,Men,Other,Ariake Arena,TEAM1501
fiji, Rugby Sevens ,Fiji,Women,Other,Tokyo Stadium,TEAM1502
france,Rugby Sevens,France,Women,Other,Ariake Arena,TEAM1503
great britain, Rugby Sevens ,Great Britain,Men,Other,Ariake Arena,TEAM1504
great britain,Rugby Sevens,Great Britain,Women,Other,Tokyo Stadium,TEAM1505
ireland, Rugby Sevens ,Ireland,Men,Other,Tokyo Stadium,TEAM1506
japan, Rugby Sevens ,Japan,Men,Other,Tokyo Stadium,TEAM1507
japan,Rugby Sevens,Japan,Women,Other,Ariake Arena,TEAM1508
kenya, Rugby Sevens ,Kenya,Men,Other,Ariake Arena,TEAM1509
kenya,Rugby Sevens,Kenya,Women,Other,Saitama Super Arena,TEAM1510
new zealand, Rugby Sevens ,New Zealand,Men,Other,Tokyo Stadium,TEAM1511
new zealand,Rugby Sevens,New Zealand,Women,Other,Ariake Arena,TEAM1512
republic of korea,Rugby Sevens,Republic of Korea,Men,Other,Ariake Arena,TEAM1513
roc, Rugby Sevens ,ROC,Women,Other,Tokyo Stadium,TEAM1514
south africa,Rugby Sevens,South Africa,Men,Other,Ariake Arena,TEAM1515
united states, Rugby Sevens ,United States of America,Men,Other,Tokyo Stadium,TEAM1516
united states, Rugby Sevens ,United States of America,Women,Other,Tokyo Stadium,TEAM1517
australia,Swimming,Australia,Men's 4 x 100m Freestyle Relay,Other,Ariake Arena,TEAM1518
australia, Swimming ,Australia,Men's 4 x 100m Medley Relay,Other,Ariake Arena,TEAM1519
australia, Swimming ,Australia,Men's 4 x 200m Freestyle Relay,Other,Tokyo Stadium,TEAM1520
australia, Swimming ,Australia,Mixed 4 x 100m Medley Relay,Other,Ariake Arena,TEAM1521
australia, Swimming ,Australia,Women's 4 x 100m Freestyle Relay,Other,Tokyo Stadium,TEAM1522
australia,Swimming,Australia,Women's 4 x 100m Medley Relay,Other,Saitama Super Arena,TEAM1523
australia,Swimming,Australia,Women's 4 x 200m Freestyle Relay,Other,Tokyo Stadium,TEAM1524
belarus, Swimming ,Belarus,Men's 4 x 100m Medley Relay,Other,Tokyo Stadium,TEAM1525
belarus, Swimming ,Belarus,Mixed 4 x 100m Medley Relay,Other,Ariake Arena,TEAM1526
belarus, Swimming ,Belarus,Women's 4 x 100m Medley Relay,Other,Saitama Super Arena,TEAM1527
brazil, Swimming ,Brazil,Men's 4 x 100m Freestyle Relay,Other,Ariake Arena,TEAM1528
brazil, Swimming ,Brazil,Men's 4 x 100m Medley Relay,Other,Saitama Super Arena,TEAM1529
brazil, Swimming ,Brazil,Men's 4 x 200m Freestyle Relay,Other,Tokyo Stadium,TEAM1530
brazil, Swimming ,Brazil,Mixed 4 x 100m Medley Relay,Other,Saitama Super Arena,TEAM1531
brazil, Swimming ,Brazil,Women's 4 x 100m Freestyle Relay,Other,Saitama Super Arena,TEAM1532
brazil,Swimming,Brazil,Women's 4 x 200m Freestyle Relay,Other,Ariake Arena,TEAM1533
canada,Swimming,Canada,Men's 4 x 100m Freestyle Relay,Other,Ariake Arena,TEAM1534
canada,Swimming,Canada,Men's 4 x 100m Medley Relay,Other,Ariake Arena,TEAM1535
canada, Swimming ,Canada,Mixed 4 x 100m Medley Relay,Other,Saitama Super Arena,TEAM1536
canada, Swimming ,Canada,Women's 4 x 100m Freestyle Relay,Other,Ariake Arena,TEAM1537
canada, Swimming ,Canada,Women's 4 x 100m Medley Relay,Other,Ariake Arena,TEAM1538
canada,Swimming,Canada,Women's 4 x 200m Freestyle Relay,Other,Ariake Arena,TEAM1539
china,Swimming,People's Republic of China,Men's 4 x 100m Medley Relay,Other,Ariake Arena,TEAM1540
china, Swimming ,People's Republic of China,Men's 4 x 200m Freestyle Relay,Other,Tokyo Stadium,TEAM1541
china,Swimming,People's Republic of China,Mixed 4 x 100m Medley Relay,Other,Saitama Super Arena,TEAM1542
china,Swimming,People's Republic of China,Women's 4 x 100m Freestyle Relay,Other,Tokyo Stadium,TEAM1543
china, Swimming ,People's Republic of China,Women's 4 x 100m Medley Relay,Other,Ariake Arena,TEAM1544
china,Swimming,People's Republic of China,Women's 4 x 200m Freestyle Relay,Other,Tokyo Stadium,TEAM1545
czech republic, Swimming ,Czech Republic,Women's 4 x 100m Freestyle Relay,Other,Saitama Super Arena,TEAM1546
denmark,Swimming,Denmark,Women's 4 x 100m Freestyle Relay,Other,Tokyo Stadium,TEAM1547
denmark, Swimming ,Denmark,Women's 4 x 100m Medley Relay,Other,Ariake Arena,TEAM1548
france,Swimming,France,Men's 4 x 100m Freestyle Relay,Other,Saitama Super Arena,TEAM1549
france, Swimming ,France,Men's 4 x 100m Medley Relay,Other,Ariake Arena,TEAM1550
france, Swimming ,France,Men's 4 x 200m Freestyle Relay,Other,Saitama Super Arena,TEAM1551
france,Swimming,France,Women's 4 x 100m Freestyle Relay,Other,Ariake Arena,TEAM1552
france,Swimming,France,Women's 4 x 200m Freestyle Relay,Other,Saitama Super Arena,TEAM1553
germany,Swimming,Germany,Men's 4 x 100m Freestyle Relay,Other,Tokyo Stadium,TEAM1554
germany, Swimming ,Germany,Men's 4 x 100m Medley Relay,Other,Saitama Super Arena,TEAM1555
germany, Swimming ,Germany,Men's 4 x 200m Freestyle Relay,Other,Saitama Super Arena,TEAM1556
germany, Swimming ,Germany,Mixed 4 x 100m Medley Relay,Other,Ariake Arena,TEAM1557
germany,Swimming,Germany,Women's 4 x 100m Freestyle Relay,Other,Tokyo Stadium,TEAM1558
germany,Swimming,Germany,Women's 4 x 100m Medley Relay,Other,Saitama Super Arena,TEAM1559
germany, Swimming ,Germany,Women's 4 x 200m Freestyle Relay,Other,Tokyo Stadium,TEAM1560
great britain,Swimming,Great Britain,Men's 4 x 100m Freestyle Relay,Other,Ariake Arena,TEAM1561
great britain,Swimming,Great Britain,Men's 4 x 100m Medley Relay,Other,Saitama Super Arena,TEAM1562
great britain,Swimming,Great Britain,Men's 4 x 200m Freestyle Relay,Other,Saitama Super Arena,TEAM1563
great britain,Swimming,Great Britain,Mixed 4 x 100m Medley Relay,Other,Ariake Arena,TEAM1564
great britain, Swimming ,Great Britain,Women's 4 x 100m Freestyle Relay,Other,Tokyo Stadium,TEAM1565
great britain, Swimming ,Great Britain,Women's 4 x 100m Medley Relay,Other,Saitama Super Arena,TEAM1566
greece,Swimming,Greece,Men's 4 x 100m Freestyle Relay,Other,Saitama Super Arena,TEAM1567
greece, Swimming ,Greece,Men's 4 x 100m Medley Relay,Other,Tokyo Stadium,TEAM1568
greece, Swimming ,Greece,Mixed 4 x 100m Medley Relay,Other,Tokyo Stadium,TEAM1569
"hong kong, china",Swimming,"Hong Kong, China",Women's 4 x 100m Freestyle Relay,Other,Saitama Super Arena,TEAM1570
"hong kong, china",Swimming,"Hong Kong, China",Women's 4 x 100m Medley Relay,Other,Tokyo Stadium,TEAM1571
"hong kong, china",Swimming,"Hong Kong, China",Women's 4 x 200m Freestyle Relay,Other,Tokyo Stadium,TEAM1572
hungary, Swimming ,Hungary,Men's 4 x 100m Freestyle Relay,Other,Tokyo Stadium,TEAM1573
hungary,Swimming,Hungary,Men's 4 x 100m Medley Relay,Other,Tokyo Stadium,TEAM1574
hungary,Swimming,Hungary,Men's 4 x 200m Freestyle Relay,Other,Saitama Super Arena,TEAM1575
hungary, Swimming ,Hungary,Mixed 4 x 100m Medley Relay,Other,Ariake Arena,TEAM1576
hungary,Swimming,Hungary,Women's 4 x 200m Freestyle Relay,Other,Tokyo Stadium,TEAM1577
ireland, Swimming ,Ireland,Men's 4 x 200m Freestyle Relay,Other,Ariake Arena,TEAM1578
israel, Swimming ,Israel,Men's 4 x 200m Freestyle Relay,Other,Tokyo Stadium,TEAM1579
israel, Swimming ,Israel,Mixed 4 x 100m Medley Relay,Other,Ariake Arena,TEAM1580
italy, Swimming ,Italy,Men's 4 x 100m Freestyle Relay,Other,Ariake Arena,TEAM1581
italy, Swimming ,Italy,Men's 4 x 100m Medley Relay,Other,Tokyo Stadium,TEAM1582
italy,Swimming,Italy,Men's 4 x 200m Freestyle Relay,Other,Ariake Arena,TEAM1583
italy,Swimming,Italy,Mixed 4 x 100m Medley Relay,Other,Tokyo Stadium,TEAM1584
italy,Swimming,Italy,Women's 4 x 100m Medley Relay,Other,Tokyo Stadium,TEAM1585
italy, Swimming ,Italy,Women's 4 x 200m Freestyle Relay,Other,Saitama Super Arena,TEAM1586
japan, Swimming ,Japan,Men's 4 x 100m Freestyle Relay,Other,Saitama Super Arena,TEAM1587
japan, Swimming ,Japan,Men's 4 x 100m Medley Relay,Other,Saitama Super Arena,TEAM1588
japan,Swimming,Japan,Men's 4 x 200m Freestyle Relay,Other,Saitama Super Arena,TEAM1589
japan,Swimming,Japan,Mixed 4 x 100m Medley Relay,Other,Saitama Super Arena,TEAM1590
japan, Swimming ,Japan,Women's 4 x 100m Freestyle Relay,Other,Ariake Arena,TEAM1591
japan,Swimming,Japan,Women's 4 x 100m Medley Relay,Other,Saitama Super Arena,TEAM1592
japan,Swimming,Japan,Women's 4 x 200m Freestyle Relay,Other,Ariake Arena,TEAM1593
lithuania, Swimming ,Lithuania,Men's 4 x 100m Medley Relay,Other,Saitama Super Arena,TEAM1594
netherlands, Swimming ,Netherlands,Men's 4 x 100m Freestyle Relay,Other,Saitama Super Arena,TEAM1595
netherlands,Swimming,Netherlands,Mixed 4 x 100m Medley Relay,Other,Tokyo Stadium,TEAM1596
netherlands, Swimming ,Netherlands,Women's 4 x 100m Freestyle Relay,Other,Saitama Super Arena,TEAM1597
netherlands, Swimming ,Netherlands,Women's 4 x 100m Medley Relay,Other,Ariake Arena,TEAM1598
new zealand,Swimming,New Zealand,Women's 4 x 200m Freestyle Relay,Other,Ariake Arena,TEAM1599
poland, Swimming ,Poland,Men's 4 x 100m Freestyle Relay,Other,Saitama Super Arena,TEAM1600
poland,Swimming,Poland,Men's 4 x 100m Medley Relay,Other,Ariake Arena,TEAM1601
poland, Swimming ,Poland,Men's 4 x 200m Freestyle Relay,Other,Tokyo Stadium,TEAM1602
poland,Swimming,Poland,Mixed 4 x 100m Medley Relay,Other,Ariake Arena,TEAM1603
poland, Swimming ,Poland,Women's 4 x 100m Freestyle Relay,Other,Ariake Arena,TEAM1604
poland, Swimming ,Poland,Women's 4 x 200m Freestyle Relay,Other,Tokyo Stadium,TEAM1605
republic of korea,Swimming,Republic of Korea,Men's 4 x 200m Freestyle Relay,Other,Ariake Arena,TEAM1606
republic of korea, Swimming ,Republic of Korea,Women's 4 x 200m Freestyle Relay,Other,Ariake Arena,TEAM1607
roc, Swimming ,ROC,Men's 4 x 100m Freestyle Relay,Other,Saitama Super Arena,TEAM1608
roc,Swimming,ROC,Men's 4 x 100m Medley Relay,Other,Ariake Arena,TEAM1609
roc,Swimming,ROC,Men's 4 x 200m Freestyle Relay,Other,Ariake Arena,TEAM1610
roc, Swimming ,ROC,Mixed 4 x 100m Medley Relay,Other,Saitama Super Arena,TEAM1611
roc,Swimming,ROC,Women's 4 x 100m Freestyle Relay,Other,Ariake Arena,TEAM1612
roc,Swimming,ROC,Women's 4 x 100m Medley Relay,Other,Ariake Arena,TEAM1613
roc, Swimming ,ROC,Women's 4 x 200m Freestyle Relay,Other,Ariake Arena,TEAM1614
serbia, Swimming ,Serbia,Men's 4 x 100m Freestyle Relay,Other,Ariake Arena,TEAM1615
south africa, Swimming ,South Africa,Women's 4 x 100m Medley Relay,Other,Tokyo Stadium,TEAM1616
south africa, Swimming ,South Africa,Women's 4 x 200m Freestyle Relay,Other,Ariake Arena,TEAM1617
spain,Swimming,Spain,Women's 4 x 100m Medley Relay,Other,Tokyo Stadium,TEAM1618
sweden,Swimming,Sweden,Women's 4 x 100m Freestyle Relay,Other,Ariake Arena,TEAM1619
sweden,Swimming,Sweden,Women's 4 x 100m Medley Relay,Other,Ariake Arena,TEAM1620
switzerland,Swimming,Switzerland,Men's 4 x 100m Freestyle Relay,Other,Saitama Super Arena,TEAM1621
switzerland,Swimming,Switzerland,Men's 4 x 200m Freestyle Relay,Other,Saitama Super Arena,TEAM1622
turkey, Swimming ,Turkey,Women's 4 x 200m Freestyle Relay,Other,Tokyo Stadium,TEAM1623
united states,Swimming,United States of America,Men's 4 x 100m Freestyle Relay,Other,Saitama Super Arena,TEAM1624
united states, Swimming ,United States of America,Men's 4 x 100m Medley Relay,Other,Tokyo Stadium,TEAM1625
united states, Swimming ,United States of America,Men's 4 x 200m Freestyle Relay,Other,Tokyo Stadium,TEAM1626
united states,Swimming,United States of America,Mixed 4 x 100m Medley Relay,Other,Tokyo Stadium,TEAM1627
united states,Swimming,United States of America,Women's 4 x 100m Freestyle Relay,Other,Tokyo Stadium,TEAM1628
united states,Swimming,United States of America,Women's 4 x 100m Medley Relay,Other,Saitama Super Arena,TEAM1629
united states, Swimming ,United States of America,Women's 4 x 200m Freestyle Relay,Other,Ariake Arena,TEAM1630
australia,Table Tennis,Australia,Men's Team,Other,Saitama Super Arena,TEAM1631
hu heming / tapper melissa,Table Tennis,Australia,Mixed Doubles,Other,Ariake Arena,TEAM1632
australia, Table Tennis ,Australia,Women's Team,Other,Saitama Super Arena,TEAM1633
fegerl stefan / polcanova sofia, Table Tennis ,Austria,Mixed Doubles,Other,Ariake Arena,TEAM1634
austria,Table Tennis,Austria,Women's Team,Other,Saitama Super Arena,TEAM1635
brazil, Table Tennis ,Brazil,Men's Team,Other,Tokyo Stadium,TEAM1636
brazil, Table Tennis ,Brazil,Women's Team,Other,Tokyo Stadium,TEAM1637
wang zhen / zhang mo, Table Tennis ,Canada,Mixed Doubles,Other,Saitama Super Arena,TEAM1638
china, Table Tennis ,People's Republic of China,Men's Team,Other,Tokyo Stadium,TEAM1639
xu xin / liu shiwen, Table Tennis ,People's Republic of China,Mixed Doubles,Other,Saitama Super Arena,TEAM1640
china,Table Tennis,People's Republic of China,Women's Team,Other,Tokyo Stadium,TEAM1641
chinese taipei, Table Tennis ,Chinese Taipei,Men's Team,Other,Tokyo Stadium,TEAM1642
lin yun ju / cheng i ching, Table Tennis ,Chinese Taipei,Mixed Doubles,Other,Tokyo Stadium,TEAM1643
chinese taipei,Table Tennis,Chinese Taipei,Women's Team,Other,Saitama Super Arena,TEAM1644
croatia, Table Tennis ,Croatia,Men's Team,Other,Tokyo Stadium,TEAM1645
campos jorge / fonseca daniela, Table Tennis ,Cuba,Mixed Doubles,Other,Ariake Arena,TEAM1646
egypt,Table Tennis,Egypt,Men's Team,Other,Saitama Super Arena,TEAM1647
assar omar / meshref dina,Table Tennis,Egypt,Mixed Doubles,Other,Tokyo Stadium,TEAM1648
egypt, Table Tennis ,Egypt,Women's Team,Other,Tokyo Stadium,TEAM1649
france,Table Tennis,France,Men's Team,Other,Ariake Arena,TEAM1650
lebesson emmanuel / yuan jia nan,Table Tennis,France,Mixed Doubles,Other,Tokyo Stadium,TEAM1651
france, Table Tennis ,France,Women's Team,Other,Tokyo Stadium,TEAM1652
germany,Table Tennis,Germany,Men's Team,Other,Tokyo Stadium,TEAM1653
franziska patrick / solja petrissa, Table Tennis ,Germany,Mixed Doubles,Other,Tokyo Stadium,TEAM1654
germany,Table Tennis,Germany,Women's Team,Other,Ariake Arena,TEAM1655
"hong kong, china",Table Tennis,"Hong Kong, China",Men's Team,Other,Ariake Arena,TEAM1656
wong chun ting / doo hoi kem,Table Tennis,"Hong Kong, China",Mixed Doubles,Other,Ariake Arena,TEAM1657
"hong kong, china", Table Tennis ,"Hong Kong, China",Women's Team,Other,Ariake Arena,TEAM1658
szudi adam / pergel szandra,Table Tennis,Hungary,Mixed Doubles,Other,Saitama Super Arena,TEAM1659
hungary,Table Tennis,Hungary,Women's Team,Other,Saitama Super Arena,TEAM1660
achanta kamal / batra manika, Table Tennis ,India,Mixed Doubles,Other,Saitama Super Arena,TEAM1661
japan, Table Tennis ,Japan,Men's Team,Other,Ariake Arena,TEAM1662
mizutani jun / ito mima,Table Tennis,Japan,Mixed Doubles,Other,Ariake Arena,TEAM1663
japan,Table Tennis,Japan,Women's Team,Other,Saitama Super Arena,TEAM1664
poland, Table Tennis ,Poland,Women's Team,Other,Ariake Arena,TEAM1665
portugal,Table Tennis,Portugal,Men's Team,Other,Saitama Super Arena,TEAM1666
republic of korea, Table Tennis ,Republic of Korea,Men's Team,Other,Saitama Super Arena,TEAM1667
lee sangsu / jeon jihee, Table Tennis ,Republic of Korea,Mixed Doubles,Other,Tokyo Stadium,TEAM1668
republic of korea, Table Tennis ,Republic of Korea,Women's Team,Other,Saitama Super Arena,TEAM1669
ionescu ovidiu / szocs bernadette,Table Tennis,Romania,Mixed Doubles,Other,Saitama Super Arena,TEAM1670
romania, Table Tennis ,Romania,Women's Team,Other,Saitama Super Arena,TEAM1671
serbia, Table Tennis ,Serbia,Men's Team,Other,Ariake Arena,TEAM1672
singapore,Table Tennis,Singapore,Women's Team,Other,Saitama Super Arena,TEAM1673
pistej lubomir / balazova barbora,Table Tennis,Slovakia,Mixed Doubles,Other,Ariake Arena,TEAM1674
slovenia,Table Tennis,Slovenia,Men's Team,Other,Tokyo Stadium,TEAM1675
sweden, Table Tennis ,Sweden,Men's Team,Other,Ariake Arena,TEAM1676
united states,Table Tennis,United States of America,Men's Team,Other,Saitama Super Arena,TEAM1677
united states,Table Tennis,United States of America,Women's Team,Other,Saitama Super Arena,TEAM1678
australia,Triathlon,Australia,Mixed Relay,Other,Tokyo Stadium,TEAM1679
austria,Triathlon,Austria,Mixed Relay,Other,Ariake Arena,TEAM1680
belgium, Triathlon ,Belgium,Mixed Relay,Other,Ariake Arena,TEAM1681
canada, Triathlon ,Canada,Mixed Relay,Other,Saitama Super Arena,TEAM1682
france,Triathlon,France,Mixed Relay,Other,Tokyo Stadium,TEAM1683
germany, Triathlon ,Germany,Mixed Relay,Other,Ariake Arena,TEAM1684
great britain, Triathlon ,Great Britain,Mixed Relay,Other,Saitama Super Arena,TEAM1685
hungary, Triathlon ,Hungary,Mixed Relay,Other,Tokyo Stadium,TEAM1686
italy, Triathlon ,Italy,Mixed Relay,Other,Tokyo Stadium,TEAM1687
japan,Triathlon,Japan,Mixed Relay,Other,Saitama Super Arena,TEAM1688
mexico,Triathlon,Mexico,Mixed Relay,Other,Tokyo Stadium,TEAM1689
netherlands,Triathlon,Netherlands,Mixed Relay,Other,Ariake Arena,TEAM1690
new zealand,Triathlon,New Zealand,Mixed Relay,Other,Tokyo Stadium,TEAM1691
roc,Triathlon,ROC,Mixed Relay,Other,Tokyo Stadium,TEAM1692
south africa, Triathlon ,South Africa,Mixed Relay,Other,Ariake Arena,TEAM1693
spain, Triathlon ,Spain,Mixed Relay,Other,Ariake Arena,TEAM1694
switzerland,Triathlon,Switzerland,Mixed Relay,Other,Ariake Arena,TEAM1695
united states, Triathlon ,United States of America,Mixed Relay,Other,Tokyo Stadium,TEAM1696
argentina,Volleyball,Argentina,Men,Other,Tokyo Stadium,TEAM1697
argentina, Volleyball ,Argentina,Women,Other,Saitama Super Arena,TEAM1698
brazil, Volleyball ,Brazil,Men,Other,Saitama Super Arena,TEAM1699
brazil, Volleyball ,Brazil,Women,Other,Tokyo Stadium,TEAM1700
canada, Volleyball ,Canada,Men,Other,Saitama Super Arena,TEAM1701
china, Volleyball ,People's Republic of China,Women,Other,Ariake Arena,TEAM1702
dominican rep.,Volleyball,Dominican Republic,Women,Other,Tokyo Stadium,TEAM1703
france,Volleyball,France,Men,Other,Saitama Super Arena,TEAM1704
islamic rep. of iran,Volleyball,Islamic Republic of Iran,Men,Other,Ariake Arena,TEAM1705
italy, Volleyball ,Italy,Men,Other,Saitama Super Arena,TEAM1706
italy,Volleyball,Italy,Women,Other,Saitama Super Arena,TEAM1707
japan, Volleyball ,Japan,Men,Other,Ariake Arena,TEAM1708
japan, Volleyball ,Japan,Women,Other,Saitama Super Arena,TEAM1709
kenya, Volleyball ,Kenya,Women,Other,Ariake Arena,TEAM1710
poland, Volleyball ,Poland,Men,Other,Saitama Super Arena,TEAM1711
republic of korea, Volleyball ,Republic of Korea,Women,Other,Tokyo Stadium,TEAM1712
roc,Volleyball,ROC,Men,Other,Saitama Super Arena,TEAM1713
roc,Volleyball,ROC,Women,Other,Ariake Arena,TEAM1714
serbia,Volleyball,Serbia,Women,Other,Saitama Super Arena,TEAM1715
tunisia, Volleyball ,Tunisia,Men,Other,Tokyo Stadium,TEAM1716
turkey,Volleyball,Turkey,Women,Other,Saitama Super Arena,TEAM1717
united states, Volleyball ,United States of America,Men,Other,Tokyo Stadium,TEAM1718
united states, Volleyball ,United States of America,Women,Other,Ariake Arena,TEAM1719
venezuela,Volleyball,Venezuela,Men,Other,Saitama Super Arena,TEAM1720
australia,Water Polo,Australia,Men,Other,Saitama Super Arena,TEAM1721
australia,Water Polo,Australia,Women,Other,Ariake Arena,TEAM1722
canada, Water Polo ,Canada,Women,Other,Ariake Arena,TEAM1723
china,Water Polo,People's Republic of China,Women,Other,Tokyo Stadium,TEAM1724
croatia, Water Polo ,Croatia,Men,Other,Saitama Super Arena,TEAM1725
greece,Water Polo,Greece,Men,Other,Saitama Super Arena,TEAM1726
hungary, Water Polo ,Hungary,Men,Other,Ariake Arena,TEAM1727
hungary, Water Polo ,Hungary,Women,Other,Tokyo Stadium,TEAM1728
italy,Water Polo,Italy,Men,Other,Ariake Arena,TEAM1729
japan,Water Polo,Japan,Men,Other,Ariake Arena,TEAM1730
japan, Water Polo ,Japan,Women,Other,Ariake Arena,TEAM1731
kazakhstan,Water Polo,Kazakhstan,Men,Other,Ariake Arena,TEAM1732
montenegro,Water Polo,Montenegro,Men,Other,Saitama Super Arena,TEAM1733
netherlands, Water Polo ,Netherlands,Women,Other,Saitama Super Arena,TEAM1734
roc, Water Polo ,ROC,Women,Other,Saitama Super Arena,TEAM1735
serbia,Water Polo,Serbia,Men,Other,Saitama Super Arena,TEAM1736
south africa, Water Polo ,South Africa,Men,Other,Saitama Super Arena,TEAM1737
south africa, Water Polo ,South Africa,Women,Other,Saitama Super Arena,TEAM1738
spain,Water Polo,Spain,Men,Other,Saitama Super Arena,TEAM1739
spain, Water Polo ,Spain,Women,Other,Ariake Arena,TEAM1740
united states,Water Polo,United States of America,Men,Other,Ariake Arena,TEAM1741
united states, Water Polo ,United States of America,Women,Other,Tokyo Stadium,TEAM1742
belgium, 3x3 Basketball ,Belgium,Men,Other,Saitama Super Arena,TEAM1743
china,3x3 Basketball,People's Republic of China,Men,Other,Tokyo Stadium,TEAM1744
,,,,Other,Tokyo Stadium,TEAM1745
